최종순위,인자,설명,NB회귀_가중치,NB회귀_순위,EPDO상관_가중치,EPDO상관_순위,엔트로피_가중치,엔트로피_순위,통합가중치,합의도
1,vuln_peak_pop,취약시간대인구,0.42079,1,0.385699,1,0.359796,2,0.482645,★★★
2,gap_cnt,인프라공백수,0.226737,2,0.233317,2,0.023922,6,0.134563,★★
3,elderly_res_ratio,노인거주비율,0.053774,5,0.028808,7,0.462333,1,0.111306,★
4,grid_avg_speed,격자평균속도,0.137657,3,0.060071,6,0.048188,4,0.091546,★★
5,weekend_ratio,주말방문비율,0.100168,4,0.089362,4,0.03222,5,0.082194,★★
6,grid_congestion,혼잡위험도,0.02312,7,0.061452,5,0.066837,3,0.056757,★
7,vuln_float_ratio,교통약자유동비율,0.037753,6,0.141292,3,0.006705,7,0.040988,★
